CallAccountShortName;ExecDate;Currency;Nominal;vextir;bp
error_inline_bp;2022-12-25;USD;-2000000;SOFR O/N+50;0
error_illegal_currency;2022-12-25;USSR;10000;BGCR O/N;0
error_strange_bp;2022-12-25;USD;123456789;EFFR O/N;-7000
error_wrong_currency;2022-12-25;ISK;0;TGCR O/N;100
error_illegal_ratenamebank5;2022-12-25;USD;0,12345;OBFR O/FF;200
error_illegal_currency;2022-12-25;FISK;-2000000;REIBOR O/N;0
error_wrong_currency;2022-12-25;ISK;10000;ESTR O/N;0
;2022-12-25;USD;123456789;SOFR O/N;-100
error_no_date;;USD;0;BGCR O/N;100
error_no_currency;2022-12-25;;0,12345;EFFR O/N;200
error_no_nominal;2022-12-26;USD;;SOFR O/N;0
error_no_ratename;2022-12-26;USD;122222221,1;;-100
error_no_bp;2022-12-26;USD;0;TGCR O/N;
error_early_sofr;2018-04-01;USD;0,12530175;SOFR O/N;200
error_early_effr;2000-07-02;ISK;-2030000;REIBOR O/N;0
error_early_bgcr;2018-04-01;USD;9900;9900;BGCR O/N;0
error_early_obfr;2016-02-01;USD;125308640,8;OBFR O/N;-100
error_early_tgcr;2019-04-01;USD;0;TGCR O/N;100
error_early_reibor;2011-02-03;ISK;0,12345;REIBOR O/N;200
error_early_estr;2019-09-01;EUR;-2030000;ESTR O/N;0
bank1;25.12.2022;USD;-2000000;SOFR O/N;0
bank2;25.12.2022;USD;10000;BGCR O/N;0
bank3;25.12.2022;USD;123456789;EFFR O/N;-100
bank4;25.12.2022;USD;0;TGCR O/N;100
bank5;25.12.2022;USD;0,12345;OBFR O/N;200
bank6;25.12.2022;ISK;-2000000;REIBOR O/N;0
bank7;25.12.2022;EUR;10000;ESTR O/N;0
bank8;25.12.2022;USD;123456789;SOFR O/N;-100
bank9;25.12.2022;USD;0;BGCR O/N;100
bank10;25.12.2022;USD;0,12345;EFFR O/N;200
bank1;26.12.2022;USD;-2030000;SOFR O/N;0
bank2;26.12.2022;USD;10150;BGCR O/N;0
bank3;26.12.2022;USD;122222221,1;EFFR O/N;-100
bank4;26.12.2022;USD;0;TGCR O/N;100
bank5;26.12.2022;USD;0,12530175;OBFR O/N;200
bank6;26.12.2022;ISK;-2030000;REIBOR O/N;0
bank7;26.12.2022;EUR;9900;ESTR O/N;0
bank8;26.12.2022;USD;125308640,8;SOFR O/N;-100
bank9;26.12.2022;USD;0;BGCR O/N;100
bank10;26.12.2022;USD;0,12345;EFFR O/N;200
bank1;27.12.2022;USD;-2030000;SOFR O/N;0
bank2;27.12.2022;USD;10302,25;BGCR O/N;0
bank3;27.12.2022;USD;122222221,1;EFFR O/N;-100
bank4;27.12.2022;USD;0;TGCR O/N;100
bank5;27.12.2022;USD;0,127181276;OBFR O/N;200
bank6;27.12.2022;ISK;-2009700;REIBOR O/N;0
bank7;27.12.2022;EUR;9801;ESTR O/N;0
bank8;27.12.2022;USD;125308640,8;SOFR O/N;-100
bank9;27.12.2022;USD;0;BGCR O/N;100
bank10;27.12.2022;USD;0,12530175;EFFR O/N;200
bank1;28.12.2022;USD;-2030000;SOFR O/N;0
bank2;28.12.2022;USD;10302,25;BGCR O/N;0
bank3;28.12.2022;USD;124055554,4;EFFR O/N;-100
bank4;28.12.2022;USD;0;TGCR O/N;100
bank5;28.12.2022;USD;0,129088995;OBFR O/N;200
bank6;28.12.2022;ISK;-1989603;REIBOR O/N;0
bank7;28.12.2022;EUR;9801;ESTR O/N;0
bank8;28.12.2022;USD;125308640,8;SOFR O/N;-100
bank9;28.12.2022;USD;0;BGCR O/N;100
bank10;28.12.2022;USD;0,127181276;EFFR O/N;200
bank1;29.12.2022;USD;-2030000;SOFR O/N;0
bank2;29.12.2022;USD;10456,78375;BGCR O/N;0
bank3;29.12.2022;USD;124055554,4;EFFR O/N;-100
bank4;29.12.2022;USD;0;TGCR O/N;100
bank5;29.12.2022;USD;0,127798105;OBFR O/N;200
bank6;29.12.2022;ISK;-1989603;REIBOR O/N;0
bank7;29.12.2022;EUR;9948,015;ESTR O/N;0
bank8;29.12.2022;USD;125308640,8;SOFR O/N;-100
bank9;29.12.2022;USD;0;BGCR O/N;100
bank10;29.12.2022;USD;0,125909463;EFFR O/N;200
bank1;30.12.2022;USD;-2009700;SOFR O/N;0
bank2;30.12.2022;USD;10456,78375;BGCR O/N;0
bank3;30.12.2022;USD;122814998,9;EFFR O/N;-100
bank4;30.12.2022;USD;0;TGCR O/N;100
bank5;30.12.2022;USD;0,126520124;OBFR O/N;200
bank6;30.12.2022;ISK;-1969706,97;REIBOR O/N;0
bank7;30.12.2022;EUR;9948,015;ESTR O/N;0
bank8;30.12.2022;USD;127188270,4;SOFR O/N;-100
bank9;30.12.2022;USD;0;BGCR O/N;100
bank10;30.12.2022;USD;0,125909463;EFFR O/N;200
bank1;31.12.2022;USD;-2009700;SOFR O/N;0
bank2;31.12.2022;USD;10456,78375;BGCR O/N;0
bank3;31.12.2022;USD;122814998,9;EFFR O/N;-100
bank4;31.12.2022;USD;0;TGCR O/N;100
bank5;31.12.2022;USD;0,126520124;OBFR O/N;200
bank6;31.12.2022;ISK;-1969706,97;REIBOR O/N;0
bank7;31.12.2022;EUR;10097,23523;ESTR O/N;0
bank8;31.12.2022;USD;127188270,4;SOFR O/N;-100
bank9;31.12.2022;USD;0;BGCR O/N;100
bank10;31.12.2022;USD;0,125909463;EFFR O/N;200
bank1;1.1.2023;USD;-1989603;SOFR O/N;0
bank2;1.1.2023;USD;10456,78375;BGCR O/N;0
bank3;1.1.2023;USD;121586848,9;EFFR O/N;-100
bank4;1.1.2023;USD;0;TGCR O/N;100
bank5;1.1.2023;USD;0,126520124;OBFR O/N;200
bank6;1.1.2023;ISK;-1999252,575;REIBOR O/N;0
bank7;1.1.2023;EUR;10097,23523;ESTR O/N;0
bank8;1.1.2023;USD;127188270,4;SOFR O/N;-100
bank9;1.1.2023;USD;0;BGCR O/N;100
bank10;1.1.2023;USD;0,124650369;EFFR O/N;200
bank1;2.1.2023;USD;-2019447,045;SOFR O/N;0
bank2;2.1.2023;USD;10456,78375;BGCR O/N;0
bank3;2.1.2023;USD;121586848,9;EFFR O/N;-100
bank4;2.1.2023;USD;0;TGCR O/N;100
bank5;2.1.2023;USD;0,126520124;OBFR O/N;200
bank6;2.1.2023;ISK;-1979260,049;REIBOR O/N;0
bank7;2.1.2023;EUR;9996,262873;ESTR O/N;0
bank8;2.1.2023;USD;127188270,4;SOFR O/N;-100
bank9;2.1.2023;USD;0;BGCR O/N;100
bank10;2.1.2023;USD;0,123403865;EFFR O/N;200
bank1;3.1.2023;USD;-2049738,751;SOFR O/N;0
bank2;3.1.2023;USD;10456,78375;BGCR O/N;0
bank3;3.1.2023;USD;123410651,6;EFFR O/N;-100
bank4;3.1.2023;USD;0;TGCR O/N;100
bank5;3.1.2023;USD;0,125254923;OBFR O/N;200
bank6;3.1.2023;ISK;-1979260,049;REIBOR O/N;0
bank7;3.1.2023;EUR;9996,262873;ESTR O/N;0
bank8;3.1.2023;USD;127188270,4;SOFR O/N;-100
bank9;3.1.2023;USD;0;BGCR O/N;100
bank10;3.1.2023;USD;0,123403865;EFFR O/N;200
bank1;4.1.2023;USD;-2080484,832;SOFR O/N;0
bank2;4.1.2023;USD;10456,78375;BGCR O/N;0
bank3;4.1.2023;USD;122176545,1;EFFR O/N;-100
bank4;4.1.2023;USD;0;TGCR O/N;100
bank5;4.1.2023;USD;0,124002374;OBFR O/N;200
bank6;4.1.2023;ISK;-2008948,95;REIBOR O/N;0
bank7;4.1.2023;EUR;9996,262873;ESTR O/N;0
bank8;4.1.2023;USD;125916387,7;SOFR O/N;-100
bank9;4.1.2023;USD;0;BGCR O/N;100
bank10;4.1.2023;USD;0,125254923;EFFR O/N;200
bank1;5.1.2023;USD;-2059679,984;SOFR O/N;0
bank2;5.1.2023;USD;10352,21591;BGCR O/N;0
bank3;5.1.2023;USD;124009193,3;EFFR O/N;-100
bank4;5.1.2023;USD;0;TGCR O/N;100
bank5;5.1.2023;USD;0,12276235;OBFR O/N;200
bank6;5.1.2023;ISK;-2008948,95;REIBOR O/N;0
bank7;5.1.2023;EUR;9896,300244;ESTR O/N;0
bank8;5.1.2023;USD;127805133,6;SOFR O/N;-100
bank9;5.1.2023;USD;0;BGCR O/N;100
bank10;5.1.2023;USD;0,127133747;EFFR O/N;200
bank1;6.1.2023;USD;-2090575,183;SOFR O/N;0
bank2;6.1.2023;USD;10352,21591;BGCR O/N;0
bank3;6.1.2023;USD;124009193,3;EFFR O/N;-100
bank4;6.1.2023;USD;0;TGCR O/N;100
bank5;6.1.2023;USD;0,124603785;OBFR O/N;200
bank6;6.1.2023;ISK;-2039083,184;REIBOR O/N;0
bank7;6.1.2023;EUR;9797,337242;ESTR O/N;0
bank8;6.1.2023;USD;127805133,6;SOFR O/N;-100
bank9;6.1.2023;USD;0;BGCR O/N;100
bank10;6.1.2023;USD;0,129040753;EFFR O/N;200
bank1;7.1.2023;USD;-2090575,183;SOFR O/N;0
bank2;7.1.2023;USD;10248,69375;BGCR O/N;0
bank3;7.1.2023;USD;122769101,4;EFFR O/N;-100
bank4;7.1.2023;USD;0;TGCR O/N;100
bank5;7.1.2023;USD;0,126472842;OBFR O/N;200
bank6;7.1.2023;ISK;-2018692,352;REIBOR O/N;0
bank7;7.1.2023;EUR;9699,363869;ESTR O/N;0
bank8;7.1.2023;USD;126527082,2;SOFR O/N;-100
bank9;7.1.2023;USD;0;BGCR O/N;100
bank10;7.1.2023;USD;0,130976364;EFFR O/N;200
bank1;8.1.2023;USD;-2090575,183;SOFR O/N;0
bank2;8.1.2023;USD;10402,42416;BGCR O/N;0
bank3;8.1.2023;USD;124610637,9;EFFR O/N;-100
bank4;8.1.2023;USD;0;TGCR O/N;100
bank5;8.1.2023;USD;0,128369935;OBFR O/N;200
bank6;8.1.2023;ISK;-2018692,352;REIBOR O/N;0
bank7;8.1.2023;EUR;9699,363869;ESTR O/N;0
bank8;8.1.2023;USD;128424988,5;SOFR O/N;-100
bank9;8.1.2023;USD;0;BGCR O/N;100
bank10;8.1.2023;USD;0,129666601;EFFR O/N;200
bank1;9.1.2023;USD;-2090575,183;SOFR O/N;0
bank2;9.1.2023;USD;10402,42416;BGCR O/N;0
bank3;9.1.2023;USD;124610637,9;EFFR O/N;-100
bank4;9.1.2023;USD;0;TGCR O/N;100
bank5;9.1.2023;USD;0,128369935;OBFR O/N;200
bank6;9.1.2023;ISK;-1998505,428;REIBOR O/N;0
bank7;9.1.2023;EUR;9602,37023;ESTR O/N;0
bank8;9.1.2023;USD;128424988,5;SOFR O/N;-100
bank9;9.1.2023;USD;0;BGCR O/N;100
bank10;9.1.2023;USD;0,1316116;EFFR O/N;200
bank1;10.1.2023;USD;-2121933,811;SOFR O/N;0
bank2;10.1.2023;USD;10298,39992;BGCR O/N;0
bank3;10.1.2023;USD;124610637,9;EFFR O/N;-100
bank4;10.1.2023;USD;0;TGCR O/N;100
bank5;10.1.2023;USD;0,128369935;OBFR O/N;200
bank6;10.1.2023;ISK;-2028483,01;REIBOR O/N;0
bank7;10.1.2023;EUR;9746,405784;ESTR O/N;0
bank8;10.1.2023;USD;128424988,5;SOFR O/N;-100
bank9;10.1.2023;USD;0;BGCR O/N;100
bank10;10.1.2023;USD;0,1316116;EFFR O/N;200
bank1;11.1.2023;USD;-2100714,473;SOFR O/N;0
bank2;11.1.2023;USD;10298,39992;BGCR O/N;0
bank3;11.1.2023;USD;126479797,4;EFFR O/N;-100
bank4;11.1.2023;USD;0;TGCR O/N;100
bank5;11.1.2023;USD;0,128369935;OBFR O/N;200
bank6;11.1.2023;ISK;-2058910,255;REIBOR O/N;0
bank7;11.1.2023;EUR;9892,601871;ESTR O/N;0
bank8;11.1.2023;USD;130351363,3;SOFR O/N;-100
bank9;11.1.2023;USD;0;BGCR O/N;100
bank10;11.1.2023;USD;0,1316116;EFFR O/N;200
bank1;12.1.2023;USD;-2132225,19;SOFR O/N;0
bank2;12.1.2023;USD;10452,87592;BGCR O/N;0
bank3;12.1.2023;USD;125214999,5;EFFR O/N;-100
bank4;12.1.2023;USD;0;TGCR O/N;100
bank5;12.1.2023;USD;0,128369935;OBFR O/N;200
bank6;12.1.2023;ISK;-2038321,152;REIBOR O/N;0
bank7;12.1.2023;EUR;9892,601871;ESTR O/N;0
bank8;12.1.2023;USD;132306633,7;SOFR O/N;-100
bank9;12.1.2023;USD;0;BGCR O/N;100
bank10;12.1.2023;USD;0,1316116;EFFR O/N;200
bank1;13.1.2023;USD;-2132225,19;SOFR O/N;0
bank2;13.1.2023;USD;10348,34716;BGCR O/N;0
bank3;13.1.2023;USD;123962849,5;EFFR O/N;-100
bank4;13.1.2023;USD;0;TGCR O/N;100
bank5;13.1.2023;USD;0,128369935;OBFR O/N;200
bank6;13.1.2023;ISK;-2038321,152;REIBOR O/N;0
bank7;13.1.2023;EUR;9892,601871;ESTR O/N;0
bank8;13.1.2023;USD;130983567,4;SOFR O/N;-100
bank9;13.1.2023;USD;0;BGCR O/N;100
bank10;13.1.2023;USD;0,133585774;EFFR O/N;200
bank1;14.1.2023;USD;-2132225,19;SOFR O/N;0
bank2;14.1.2023;USD;10503,57237;BGCR O/N;0
bank3;14.1.2023;USD;123962849,5;EFFR O/N;-100
bank4;14.1.2023;USD;0;TGCR O/N;100
bank5;14.1.2023;USD;0,128369935;OBFR O/N;200
bank6;14.1.2023;ISK;-2017937,941;REIBOR O/N;0
bank7;14.1.2023;EUR;10040,9909;ESTR O/N;0
bank8;14.1.2023;USD;130983567,4;SOFR O/N;-100
bank9;14.1.2023;USD;0;BGCR O/N;100
bank10;14.1.2023;USD;0,13558956;EFFR O/N;200
bank1;15.1.2023;USD;-2132225,19;SOFR O/N;0
bank2;15.1.2023;USD;10661,12595;BGCR O/N;0
bank3;15.1.2023;USD;122723221;EFFR O/N;-100
bank4;15.1.2023;USD;0;TGCR O/N;100
bank5;15.1.2023;USD;0,128369935;OBFR O/N;200
bank6;15.1.2023;ISK;-1997758,562;REIBOR O/N;0
bank7;15.1.2023;EUR;9940,58099;ESTR O/N;0
bank8;15.1.2023;USD;129673731,7;SOFR O/N;-100
bank9;15.1.2023;USD;0;BGCR O/N;100
bank10;15.1.2023;USD;0,137623404;EFFR O/N;200
bank1;16.1.2023;USD;-2164208,568;SOFR O/N;0
bank2;16.1.2023;USD;10661,12595;BGCR O/N;0
bank3;16.1.2023;USD;122723221;EFFR O/N;-100
bank4;16.1.2023;USD;0;TGCR O/N;100
bank5;16.1.2023;USD;0,130295484;OBFR O/N;200
bank6;16.1.2023;ISK;-1977780,976;REIBOR O/N;0
bank7;16.1.2023;EUR;10089,6897;ESTR O/N;0
bank8;16.1.2023;USD;131618837,7;SOFR O/N;-100
bank9;16.1.2023;USD;0;BGCR O/N;100
bank10;16.1.2023;USD;0,139687755;EFFR O/N;200
bank1;17.1.2023;USD;-2142566,482;SOFR O/N;0
bank2;17.1.2023;USD;10661,12595;BGCR O/N;0
bank3;17.1.2023;USD;122723221;EFFR O/N;-100
bank4;17.1.2023;USD;0;TGCR O/N;100
bank5;17.1.2023;USD;0,130295484;OBFR O/N;200
bank6;17.1.2023;ISK;-1977780,976;REIBOR O/N;0
bank7;17.1.2023;EUR;10241,03505;ESTR O/N;0
bank8;17.1.2023;USD;131618837,7;SOFR O/N;-100
bank9;17.1.2023;USD;0;BGCR O/N;100
bank10;17.1.2023;USD;0,139687755;EFFR O/N;200
bank1;18.1.2023;USD;-2142566,482;SOFR O/N;0
bank2;18.1.2023;USD;10554,51469;BGCR O/N;0
bank3;18.1.2023;USD;121495988,8;EFFR O/N;-100
bank4;18.1.2023;USD;0;TGCR O/N;100
bank5;18.1.2023;USD;0,130295484;OBFR O/N;200
bank6;18.1.2023;ISK;-1958003,166;REIBOR O/N;0
bank7;18.1.2023;EUR;10138,6247;ESTR O/N;0
bank8;18.1.2023;USD;131618837,7;SOFR O/N;-100
bank9;18.1.2023;USD;0;BGCR O/N;100
bank10;18.1.2023;USD;0,139687755;EFFR O/N;200
bank1;19.1.2023;USD;-2174704,98;SOFR O/N;0
bank2;19.1.2023;USD;10712,83241;BGCR O/N;0
bank3;19.1.2023;USD;121495988,8;EFFR O/N;-100
bank4;19.1.2023;USD;0;TGCR O/N;100
bank5;19.1.2023;USD;0,130295484;OBFR O/N;200
bank6;19.1.2023;ISK;-1938423,134;REIBOR O/N;0
bank7;19.1.2023;EUR;10290,70407;ESTR O/N;0
bank8;19.1.2023;USD;131618837,7;SOFR O/N;-100
bank9;19.1.2023;USD;0;BGCR O/N;100
bank10;19.1.2023;USD;0,141783071;EFFR O/N;200
bank1;20.1.2023;USD;-2207325,554;SOFR O/N;0
bank2;20.1.2023;USD;10712,83241;BGCR O/N;0
bank3;20.1.2023;USD;121495988,8;EFFR O/N;-100
bank4;20.1.2023;USD;0;TGCR O/N;100
bank5;20.1.2023;USD;0,130295484;OBFR O/N;200
bank6;20.1.2023;ISK;-1967499,481;REIBOR O/N;0
bank7;20.1.2023;EUR;10445,06463;ESTR O/N;0
bank8;20.1.2023;USD;130302649,3;SOFR O/N;-100
bank9;20.1.2023;USD;0;BGCR O/N;100
bank10;20.1.2023;USD;0,141783071;EFFR O/N;200
bank1;21.1.2023;USD;-2240435,438;SOFR O/N;0
bank2;21.1.2023;USD;10712,83241;BGCR O/N;0
bank3;21.1.2023;USD;121495988,8;EFFR O/N;-100
bank4;21.1.2023;USD;0;TGCR O/N;100
bank5;21.1.2023;USD;0,130295484;OBFR O/N;200
bank6;21.1.2023;ISK;-1967499,481;REIBOR O/N;0
bank7;21.1.2023;EUR;10445,06463;ESTR O/N;0
bank8;21.1.2023;USD;128999622,8;SOFR O/N;-100
bank9;21.1.2023;USD;0;BGCR O/N;100
bank10;21.1.2023;USD;0,141783071;EFFR O/N;200
bank1;22.1.2023;USD;-2274041,969;SOFR O/N;0
bank2;22.1.2023;USD;10873,5249;BGCR O/N;0
bank3;22.1.2023;USD;121495988,8;EFFR O/N;-100
bank4;22.1.2023;USD;0;TGCR O/N;100
bank5;22.1.2023;USD;0,130295484;OBFR O/N;200
bank6;22.1.2023;ISK;-1997011,974;REIBOR O/N;0
bank7;22.1.2023;EUR;10445,06463;ESTR O/N;0
bank8;22.1.2023;USD;127709626,6;SOFR O/N;-100
bank9;22.1.2023;USD;0;BGCR O/N;100
bank10;22.1.2023;USD;0,143909817;EFFR O/N;200
bank1;23.1.2023;USD;-2308152,599;SOFR O/N;0
bank2;23.1.2023;USD;10764,78965;BGCR O/N;0
bank3;23.1.2023;USD;120281028,9;EFFR O/N;-100
bank4;23.1.2023;USD;0;TGCR O/N;100
bank5;23.1.2023;USD;0,132249916;OBFR O/N;200
bank6;23.1.2023;ISK;-1977041,854;REIBOR O/N;0
bank7;23.1.2023;EUR;10601,7406;ESTR O/N;0
bank8;23.1.2023;USD;127709626,6;SOFR O/N;-100
bank9;23.1.2023;USD;0;BGCR O/N;100
bank10;23.1.2023;USD;0,143909817;EFFR O/N;200
bank1;24.1.2023;USD;-2342774,888;SOFR O/N;0
bank2;24.1.2023;USD;10764,78965;BGCR O/N;0
bank3;24.1.2023;USD;120281028,9;EFFR O/N;-100
bank4;24.1.2023;USD;0;TGCR O/N;100
bank5;24.1.2023;USD;0,132249916;OBFR O/N;200
bank6;24.1.2023;ISK;-1977041,854;REIBOR O/N;0
bank7;24.1.2023;EUR;10760,76671;ESTR O/N;0
bank8;24.1.2023;USD;127709626,6;SOFR O/N;-100
bank9;24.1.2023;USD;0;BGCR O/N;100
bank10;24.1.2023;USD;0,142470719;EFFR O/N;200
bank1;25.1.2023;USD;-2342774,888;SOFR O/N;0
bank2;25.1.2023;USD;10764,78965;BGCR O/N;0
bank3;25.1.2023;USD;119078218,6;EFFR O/N;-100
bank4;25.1.2023;USD;0;TGCR O/N;100
bank5;25.1.2023;USD;0,134233665;OBFR O/N;200
bank6;25.1.2023;ISK;-1977041,854;REIBOR O/N;0
bank7;25.1.2023;EUR;10922,17821;ESTR O/N;0
bank8;25.1.2023;USD;126432530,3;SOFR O/N;-100
bank9;25.1.2023;USD;0;BGCR O/N;100
bank10;25.1.2023;USD;0,142470719;EFFR O/N;200
bank1;26.1.2023;USD;-2342774,888;SOFR O/N;0
bank2;26.1.2023;USD;10764,78965;BGCR O/N;0
bank3;26.1.2023;USD;120864391,9;EFFR O/N;-100
bank4;26.1.2023;USD;0;TGCR O/N;100
bank5;26.1.2023;USD;0,132891328;OBFR O/N;200
bank6;26.1.2023;ISK;-1957271,435;REIBOR O/N;0
bank7;26.1.2023;EUR;11086,01088;ESTR O/N;0
bank8;26.1.2023;USD;126432530,3;SOFR O/N;-100
bank9;26.1.2023;USD;0;BGCR O/N;100
bank10;26.1.2023;USD;0,141046012;EFFR O/N;200
bank1;27.1.2023;USD;-2377916,511;SOFR O/N;0
bank2;27.1.2023;USD;10926,26149;BGCR O/N;0
bank3;27.1.2023;USD;120864391,9;EFFR O/N;-100
bank4;27.1.2023;USD;0;TGCR O/N;100
bank5;27.1.2023;USD;0,132891328;OBFR O/N;200
bank6;27.1.2023;ISK;-1957271,435;REIBOR O/N;0
bank7;27.1.2023;EUR;10975,15077;ESTR O/N;0
bank8;27.1.2023;USD;126432530,3;SOFR O/N;-100
bank9;27.1.2023;USD;0;BGCR O/N;100
bank10;27.1.2023;USD;0,141046012;EFFR O/N;200
bank1;28.1.2023;USD;-2354137,346;SOFR O/N;0
bank2;28.1.2023;USD;10926,26149;BGCR O/N;0
bank3;28.1.2023;USD;120864391,9;EFFR O/N;-100
bank4;28.1.2023;USD;0;TGCR O/N;100
bank5;28.1.2023;USD;0,132891328;OBFR O/N;200
bank6;28.1.2023;ISK;-1957271,435;REIBOR O/N;0
bank7;28.1.2023;EUR;10975,15077;ESTR O/N;0
bank8;28.1.2023;USD;126432530,3;SOFR O/N;-100
bank9;28.1.2023;USD;0;BGCR O/N;100
bank10;28.1.2023;USD;0,143161702;EFFR O/N;200
bank1;29.1.2023;USD;-2330595,972;SOFR O/N;0
bank2;29.1.2023;USD;10816,99888;BGCR O/N;0
bank3;29.1.2023;USD;122677357,7;EFFR O/N;-100
bank4;29.1.2023;USD;0;TGCR O/N;100
bank5;29.1.2023;USD;0,132891328;OBFR O/N;200
bank6;29.1.2023;ISK;-1937698,721;REIBOR O/N;0
bank7;29.1.2023;EUR;10975,15077;ESTR O/N;0
bank8;29.1.2023;USD;126432530,3;SOFR O/N;-100
bank9;29.1.2023;USD;0;BGCR O/N;100
bank10;29.1.2023;USD;0,145309128;EFFR O/N;200
bank1;30.1.2023;USD;-2330595,972;SOFR O/N;0
bank2;30.1.2023;USD;10708,82889;BGCR O/N;0
bank3;30.1.2023;USD;122677357,7;EFFR O/N;-100
bank4;30.1.2023;USD;0;TGCR O/N;100
bank5;30.1.2023;USD;0,132891328;OBFR O/N;200
bank6;30.1.2023;ISK;-1918321,734;REIBOR O/N;0
bank7;30.1.2023;EUR;11139,77804;ESTR O/N;0
bank8;30.1.2023;USD;126432530,3;SOFR O/N;-100
bank9;30.1.2023;USD;0;BGCR O/N;100
bank10;30.1.2023;USD;0,145309128;EFFR O/N;200
bank1;31.1.2023;USD;-2330595,972;SOFR O/N;0
bank2;31.1.2023;USD;10708,82889;BGCR O/N;0
bank3;31.1.2023;USD;122677357,7;EFFR O/N;-100
bank4;31.1.2023;USD;0;TGCR O/N;100
bank5;31.1.2023;USD;0,132891328;OBFR O/N;200
bank6;31.1.2023;ISK;-1918321,734;REIBOR O/N;0
bank7;31.1.2023;EUR;11306,87471;ESTR O/N;0
bank8;31.1.2023;USD;125168205;SOFR O/N;-100
bank9;31.1.2023;USD;0;BGCR O/N;100
bank10;31.1.2023;USD;0,147488765;EFFR O/N;200
bank1;1.2.2023;USD;-2330595,972;SOFR O/N;0
bank2;1.2.2023;USD;10869,46132;BGCR O/N;0
bank3;1.2.2023;USD;124517518,1;EFFR O/N;-100
bank4;1.2.2023;USD;0;TGCR O/N;100
bank5;1.2.2023;USD;0,131562415;OBFR O/N;200
bank6;1.2.2023;ISK;-1918321,734;REIBOR O/N;0
bank7;1.2.2023;EUR;11306,87471;ESTR O/N;0
bank8;1.2.2023;USD;127045728,1;SOFR O/N;-100
bank9;1.2.2023;USD;0;BGCR O/N;100
bank10;1.2.2023;USD;0,146013877;EFFR O/N;200
bank1;2.2.2023;USD;-2307290,013;SOFR O/N;0
bank2;2.2.2023;USD;10869,46132;BGCR O/N;0
bank3;2.2.2023;USD;126385280,9;EFFR O/N;-100
bank4;2.2.2023;USD;0;TGCR O/N;100
bank5;2.2.2023;USD;0,131562415;OBFR O/N;200
bank6;2.2.2023;ISK;-1918321,734;REIBOR O/N;0
bank7;2.2.2023;EUR;11476,47783;ESTR O/N;0
bank8;2.2.2023;USD;128951414;SOFR O/N;-100
bank9;2.2.2023;USD;0;BGCR O/N;100
bank10;2.2.2023;USD;0,144553738;EFFR O/N;200
bank1;3.2.2023;USD;-2284217,112;SOFR O/N;0
bank2;3.2.2023;USD;10869,46132;BGCR O/N;0
bank3;3.2.2023;USD;125121428,1;EFFR O/N;-100
bank4;3.2.2023;USD;0;TGCR O/N;100
bank5;3.2.2023;USD;0,131562415;OBFR O/N;200
bank6;3.2.2023;ISK;-1947096,56;REIBOR O/N;0
bank7;3.2.2023;EUR;11476,47783;ESTR O/N;0
bank8;3.2.2023;USD;128951414;SOFR O/N;-100
bank9;3.2.2023;USD;0;BGCR O/N;100
bank10;3.2.2023;USD;0,146722044;EFFR O/N;200
bank1;4.2.2023;USD;-2261374,941;SOFR O/N;0
bank2;4.2.2023;USD;11032,50324;BGCR O/N;0
bank3;4.2.2023;USD;126998249,5;EFFR O/N;-100
bank4;4.2.2023;USD;0;TGCR O/N;100
bank5;4.2.2023;USD;0,130246791;OBFR O/N;200
bank6;4.2.2023;ISK;-1976303,008;REIBOR O/N;0
bank7;4.2.2023;EUR;11476,47783;ESTR O/N;0
bank8;4.2.2023;USD;128951414;SOFR O/N;-100
bank9;4.2.2023;USD;0;BGCR O/N;100
bank10;4.2.2023;USD;0,145254824;EFFR O/N;200
bank1;5.2.2023;USD;-2295295,565;SOFR O/N;0
bank2;5.2.2023;USD;10922,17821;BGCR O/N;0
bank3;5.2.2023;USD;126998249,5;EFFR O/N;-100
bank4;5.2.2023;USD;0;TGCR O/N;100
bank5;5.2.2023;USD;0,130246791;OBFR O/N;200
bank6;5.2.2023;ISK;-1976303,008;REIBOR O/N;0
bank7;5.2.2023;EUR;11476,47783;ESTR O/N;0
bank8;5.2.2023;USD;127661899,9;SOFR O/N;-100
bank9;5.2.2023;USD;0;BGCR O/N;100
bank10;5.2.2023;USD;0,145254824;EFFR O/N;200
bank1;6.2.2023;USD;-2272342,61;SOFR O/N;0
bank2;6.2.2023;USD;11086,01088;BGCR O/N;0
bank3;6.2.2023;USD;126998249,5;EFFR O/N;-100
bank4;6.2.2023;USD;0;TGCR O/N;100
bank5;6.2.2023;USD;0,132200493;OBFR O/N;200
bank6;6.2.2023;ISK;-1956539,978;REIBOR O/N;0
bank7;6.2.2023;EUR;11361,71305;ESTR O/N;0
bank8;6.2.2023;USD;127661899,9;SOFR O/N;-100
bank9;6.2.2023;USD;0;BGCR O/N;100
bank10;6.2.2023;USD;0,143802276;EFFR O/N;200
bank1;7.2.2023;USD;-2249619,184;SOFR O/N;0
bank2;7.2.2023;USD;11252,30105;BGCR O/N;0
bank3;7.2.2023;USD;126998249,5;EFFR O/N;-100
bank4;7.2.2023;USD;0;TGCR O/N;100
bank5;7.2.2023;USD;0,132200493;OBFR O/N;200
bank6;7.2.2023;ISK;-1956539,978;REIBOR O/N;0
bank7;7.2.2023;EUR;11248,09592;ESTR O/N;0
bank8;7.2.2023;USD;126385280,9;SOFR O/N;-100
bank9;7.2.2023;USD;0;BGCR O/N;100
bank10;7.2.2023;USD;0,142364253;EFFR O/N;200
bank1;8.2.2023;USD;-2283363,471;SOFR O/N;0
bank2;8.2.2023;USD;11139,77804;BGCR O/N;0
bank3;8.2.2023;USD;126998249,5;EFFR O/N;-100
bank4;8.2.2023;USD;0;TGCR O/N;100
bank5;8.2.2023;USD;0,132200493;OBFR O/N;200
bank6;8.2.2023;ISK;-1936974,578;REIBOR O/N;0
bank7;8.2.2023;EUR;11248,09592;ESTR O/N;0
bank8;8.2.2023;USD;126385280,9;SOFR O/N;-100
bank9;8.2.2023;USD;0;BGCR O/N;100
bank10;8.2.2023;USD;0,142364253;EFFR O/N;200
bank1;9.2.2023;USD;-2283363,471;SOFR O/N;0
bank2;9.2.2023;USD;11028,38026;BGCR O/N;0
bank3;9.2.2023;USD;128903223,2;EFFR O/N;-100
bank4;9.2.2023;USD;0;TGCR O/N;100
bank5;9.2.2023;USD;0,130878488;OBFR O/N;200
bank6;9.2.2023;ISK;-1936974,578;REIBOR O/N;0
bank7;9.2.2023;EUR;11416,81736;ESTR O/N;0
bank8;9.2.2023;USD;128281060,1;SOFR O/N;-100
bank9;9.2.2023;USD;0;BGCR O/N;100
bank10;9.2.2023;USD;0,14094061;EFFR O/N;200
bank1;10.2.2023;USD;-2260529,837;SOFR O/N;0
bank2;10.2.2023;USD;10918,09645;BGCR O/N;0
bank3;10.2.2023;USD;130836771,6;EFFR O/N;-100
bank4;10.2.2023;USD;0;TGCR O/N;100
bank5;10.2.2023;USD;0,130878488;OBFR O/N;200
bank6;10.2.2023;ISK;-1917604,833;REIBOR O/N;0
bank7;10.2.2023;EUR;11302,64918;ESTR O/N;0
bank8;10.2.2023;USD;126998249,5;SOFR O/N;-100
bank9;10.2.2023;USD;0;BGCR O/N;100
bank10;10.2.2023;USD;0,14094061;EFFR O/N;200
bank1;11.2.2023;USD;-2237924,538;SOFR O/N;0
bank2;11.2.2023;USD;10918,09645;BGCR O/N;0
bank3;11.2.2023;USD;130836771,6;EFFR O/N;-100
bank4;11.2.2023;USD;0;TGCR O/N;100
bank5;11.2.2023;USD;0,132841665;OBFR O/N;200
bank6;11.2.2023;ISK;-1917604,833;REIBOR O/N;0
bank7;11.2.2023;EUR;11302,64918;ESTR O/N;0
bank8;11.2.2023;USD;126998249,5;SOFR O/N;-100
bank9;11.2.2023;USD;0;BGCR O/N;100
bank10;11.2.2023;USD;0,139531204;EFFR O/N;200
bank1;12.2.2023;USD;-2237924,538;SOFR O/N;0
bank2;12.2.2023;USD;10918,09645;BGCR O/N;0
bank3;12.2.2023;USD;129528403,9;EFFR O/N;-100
bank4;12.2.2023;USD;0;TGCR O/N;100
bank5;12.2.2023;USD;0,132841665;OBFR O/N;200
bank6;12.2.2023;ISK;-1917604,833;REIBOR O/N;0
bank7;12.2.2023;EUR;11472,18892;ESTR O/N;0
bank8;12.2.2023;USD;128903223,2;SOFR O/N;-100
bank9;12.2.2023;USD;0;BGCR O/N;100
bank10;12.2.2023;USD;0,139531204;EFFR O/N;200
bank1;13.2.2023;USD;-2237924,538;SOFR O/N;0
bank2;13.2.2023;USD;10918,09645;BGCR O/N;0
bank3;13.2.2023;USD;128233119,8;EFFR O/N;-100
bank4;13.2.2023;USD;0;TGCR O/N;100
bank5;13.2.2023;USD;0,132841665;OBFR O/N;200
bank6;13.2.2023;ISK;-1946368,905;REIBOR O/N;0
bank7;13.2.2023;EUR;11472,18892;ESTR O/N;0
bank8;13.2.2023;USD;128903223,2;SOFR O/N;-100
bank9;13.2.2023;USD;0;BGCR O/N;100
bank10;13.2.2023;USD;0,139531204;EFFR O/N;200
bank1;14.2.2023;USD;-2271493,406;SOFR O/N;0
bank2;14.2.2023;USD;10918,09645;BGCR O/N;0
bank3;14.2.2023;USD;128233119,8;EFFR O/N;-100
bank4;14.2.2023;USD;0;TGCR O/N;100
bank5;14.2.2023;USD;0,132841665;OBFR O/N;200
bank6;14.2.2023;ISK;-1975564,439;REIBOR O/N;0
bank7;14.2.2023;EUR;11644,27176;ESTR O/N;0
bank8;14.2.2023;USD;128903223,2;SOFR O/N;-100
bank9;14.2.2023;USD;0;BGCR O/N;100
bank10;14.2.2023;USD;0,139531204;EFFR O/N;200
bank1;15.2.2023;USD;-2305565,808;SOFR O/N;0
bank2;15.2.2023;USD;10918,09645;BGCR O/N;0
bank3;15.2.2023;USD;128233119,8;EFFR O/N;-100
bank4;15.2.2023;USD;0;TGCR O/N;100
bank5;15.2.2023;USD;0,13483429;OBFR O/N;200
bank6;15.2.2023;ISK;-2005197,905;REIBOR O/N;0
bank7;15.2.2023;EUR;11527,82904;ESTR O/N;0
bank8;15.2.2023;USD;128903223,2;SOFR O/N;-100
bank9;15.2.2023;USD;0;BGCR O/N;100
bank10;15.2.2023;USD;0,141624172;EFFR O/N;200
bank1;16.2.2023;USD;-2305565,808;SOFR O/N;0
bank2;16.2.2023;USD;10918,09645;BGCR O/N;0
bank3;16.2.2023;USD;128233119,8;EFFR O/N;-100
bank4;16.2.2023;USD;0;TGCR O/N;100
bank5;16.2.2023;USD;0,13483429;OBFR O/N;200
bank6;16.2.2023;ISK;-2005197,905;REIBOR O/N;0
bank7;16.2.2023;EUR;11412,55075;ESTR O/N;0
bank8;16.2.2023;USD;130836771,6;SOFR O/N;-100
bank9;16.2.2023;USD;0;BGCR O/N;100
bank10;16.2.2023;USD;0,140207931;EFFR O/N;200
bank1;17.2.2023;USD;-2305565,808;SOFR O/N;0
bank2;17.2.2023;USD;10918,09645;BGCR O/N;0
bank3;17.2.2023;USD;128233119,8;EFFR O/N;-100
bank4;17.2.2023;USD;0;TGCR O/N;100
bank5;17.2.2023;USD;0,13483429;OBFR O/N;200
bank6;17.2.2023;ISK;-1985145,926;REIBOR O/N;0
bank7;17.2.2023;EUR;11412,55075;ESTR O/N;0
bank8;17.2.2023;USD;130836771,6;SOFR O/N;-100
bank9;17.2.2023;USD;0;BGCR O/N;100
bank10;17.2.2023;USD;0,140207931;EFFR O/N;200
bank1;18.2.2023;USD;-2305565,808;SOFR O/N;0
bank2;18.2.2023;USD;10918,09645;BGCR O/N;0
bank3;18.2.2023;USD;128233119,8;EFFR O/N;-100
bank4;18.2.2023;USD;0;TGCR O/N;100
bank5;18.2.2023;USD;0,133485947;OBFR O/N;200
bank6;18.2.2023;ISK;-1965294,467;REIBOR O/N;0
bank7;18.2.2023;EUR;11412,55075;ESTR O/N;0
bank8;18.2.2023;USD;130836771,6;SOFR O/N;-100
bank9;18.2.2023;USD;0;BGCR O/N;100
bank10;18.2.2023;USD;0,138805851;EFFR O/N;200
bank1;19.2.2023;USD;-2340149,295;SOFR O/N;0
bank2;19.2.2023;USD;10918,09645;BGCR O/N;0
bank3;19.2.2023;USD;126950788,6;EFFR O/N;-100
bank4;19.2.2023;USD;0;TGCR O/N;100
bank5;19.2.2023;USD;0,133485947;OBFR O/N;200
bank6;19.2.2023;ISK;-1965294,467;REIBOR O/N;0
bank7;19.2.2023;EUR;11412,55075;ESTR O/N;0
bank8;19.2.2023;USD;129528403,9;SOFR O/N;-100
bank9;19.2.2023;USD;0;BGCR O/N;100
bank10;19.2.2023;USD;0,138805851;EFFR O/N;200
bank1;20.2.2023;USD;-2316747,802;SOFR O/N;0
bank2;20.2.2023;USD;10918,09645;BGCR O/N;0
bank3;20.2.2023;USD;126950788,6;EFFR O/N;-100
bank4;20.2.2023;USD;0;TGCR O/N;100
bank5;20.2.2023;USD;0,133485947;OBFR O/N;200
bank6;20.2.2023;ISK;-1945641,522;REIBOR O/N;0
bank7;20.2.2023;EUR;11412,55075;ESTR O/N;0
bank8;20.2.2023;USD;131471329,9;SOFR O/N;-100
bank9;20.2.2023;USD;0;BGCR O/N;100
bank10;20.2.2023;USD;0,138805851;EFFR O/N;200
bank1;21.2.2023;USD;-2293580,324;SOFR O/N;0
bank2;21.2.2023;USD;10918,09645;BGCR O/N;0
bank3;21.2.2023;USD;125681280,8;EFFR O/N;-100
bank4;21.2.2023;USD;0;TGCR O/N;100
bank5;21.2.2023;USD;0,132151088;OBFR O/N;200
bank6;21.2.2023;ISK;-1926185,107;REIBOR O/N;0
bank7;21.2.2023;EUR;11298,42524;ESTR O/N;0
bank8;21.2.2023;USD;133443399,9;SOFR O/N;-100
bank9;21.2.2023;USD;0;BGCR O/N;100
bank10;21.2.2023;USD;0,137417793;EFFR O/N;200
bank1;22.2.2023;USD;-2270644,52;SOFR O/N;0
bank2;22.2.2023;USD;10918,09645;BGCR O/N;0
bank3;22.2.2023;USD;125681280,8;EFFR O/N;-100
bank4;22.2.2023;USD;0;TGCR O/N;100
bank5;22.2.2023;USD;0,132151088;OBFR O/N;200
bank6;22.2.2023;ISK;-1926185,107;REIBOR O/N;0
bank7;22.2.2023;EUR;11298,42524;ESTR O/N;0
bank8;22.2.2023;USD;135445050,9;SOFR O/N;-100
bank9;22.2.2023;USD;0;BGCR O/N;100
bank10;22.2.2023;USD;0,137417793;EFFR O/N;200
bank1;23.2.2023;USD;-2270644,52;SOFR O/N;0
bank2;23.2.2023;USD;10918,09645;BGCR O/N;0
bank3;23.2.2023;USD;125681280,8;EFFR O/N;-100
bank4;23.2.2023;USD;0;TGCR O/N;100
bank5;23.2.2023;USD;0,132151088;OBFR O/N;200
bank6;23.2.2023;ISK;-1926185,107;REIBOR O/N;0
bank7;23.2.2023;EUR;11185,44099;ESTR O/N;0
bank8;23.2.2023;USD;135445050,9;SOFR O/N;-100
bank9;23.2.2023;USD;0;BGCR O/N;100
bank10;23.2.2023;USD;0,136043615;EFFR O/N;200
bank1;24.2.2023;USD;-2270644,52;SOFR O/N;0
bank2;24.2.2023;USD;11081,8679;BGCR O/N;0
bank3;24.2.2023;USD;125681280,8;EFFR O/N;-100
bank4;24.2.2023;USD;0;TGCR O/N;100
bank5;24.2.2023;USD;0,130829577;OBFR O/N;200
bank6;24.2.2023;ISK;-1926185,107;REIBOR O/N;0
bank7;24.2.2023;EUR;11185,44099;ESTR O/N;0
bank8;24.2.2023;USD;134090600,4;SOFR O/N;-100
bank9;24.2.2023;USD;0;BGCR O/N;100
bank10;24.2.2023;USD;0,136043615;EFFR O/N;200
bank1;25.2.2023;USD;-2304704,188;SOFR O/N;0
bank2;25.2.2023;USD;11248,09592;BGCR O/N;0
bank3;25.2.2023;USD;125681280,8;EFFR O/N;-100
bank4;25.2.2023;USD;0;TGCR O/N;100
bank5;25.2.2023;USD;0,13279202;OBFR O/N;200
bank6;25.2.2023;ISK;-1906923,256;REIBOR O/N;0
bank7;25.2.2023;EUR;11073,58658;ESTR O/N;0
bank8;25.2.2023;USD;134090600,4;SOFR O/N;-100
bank9;25.2.2023;USD;0;BGCR O/N;100
bank10;25.2.2023;USD;0,136043615;EFFR O/N;200
bank1;26.2.2023;USD;-2304704,188;SOFR O/N;0
bank2;26.2.2023;USD;11248,09592;BGCR O/N;0
bank3;26.2.2023;USD;127566500;EFFR O/N;-100
bank4;26.2.2023;USD;0;TGCR O/N;100
bank5;26.2.2023;USD;0,13279202;OBFR O/N;200
bank6;26.2.2023;ISK;-1906923,256;REIBOR O/N;0
bank7;26.2.2023;EUR;11073,58658;ESTR O/N;0
bank8;26.2.2023;USD;136101959,4;SOFR O/N;-100
bank9;26.2.2023;USD;0;BGCR O/N;100
bank10;26.2.2023;USD;0,134683179;EFFR O/N;200
bank1;27.2.2023;USD;-2339274,751;SOFR O/N;0
bank2;27.2.2023;USD;11248,09592;BGCR O/N;0
bank3;27.2.2023;USD;129479997,5;EFFR O/N;-100
bank4;27.2.2023;USD;0;TGCR O/N;100
bank5;27.2.2023;USD;0,1314641;OBFR O/N;200
bank6;27.2.2023;ISK;-1906923,256;REIBOR O/N;0
bank7;27.2.2023;EUR;11239,69038;ESTR O/N;0
bank8;27.2.2023;USD;138143488,8;SOFR O/N;-100
bank9;27.2.2023;USD;0;BGCR O/N;100
bank10;27.2.2023;USD;0,133336347;EFFR O/N;200
bank1;28.2.2023;USD;-2315882,004;SOFR O/N;0
bank2;28.2.2023;USD;11416,81736;BGCR O/N;0
bank3;28.2.2023;USD;129479997,5;EFFR O/N;-100
bank4;28.2.2023;USD;0;TGCR O/N;100
bank5;28.2.2023;USD;0,130149459;OBFR O/N;200
bank6;28.2.2023;ISK;-1887854,023;REIBOR O/N;0
bank7;28.2.2023;EUR;11408,28573;ESTR O/N;0
bank8;28.2.2023;USD;138143488,8;SOFR O/N;-100
bank9;28.2.2023;USD;0;BGCR O/N;100
bank10;28.2.2023;USD;0,132002983;EFFR O/N;200
bank1;1.3.2023;USD;-2292723,184;SOFR O/N;0
bank2;1.3.2023;USD;11416,81736;BGCR O/N;0
bank3;1.3.2023;USD;129479997,5;EFFR O/N;-100
bank4;1.3.2023;USD;0;TGCR O/N;100
bank5;1.3.2023;USD;0,132101701;OBFR O/N;200
bank6;1.3.2023;ISK;-1887854,023;REIBOR O/N;0
bank7;1.3.2023;EUR;11579,41002;ESTR O/N;0
bank8;1.3.2023;USD;140215641,1;SOFR O/N;-100
bank9;1.3.2023;USD;0;BGCR O/N;100
bank10;1.3.2023;USD;0,133983028;EFFR O/N;200
bank1;2.3.2023;USD;-2292723,184;SOFR O/N;0
bank2;2.3.2023;USD;11302,64918;BGCR O/N;0
bank3;2.3.2023;USD;128185197,5;EFFR O/N;-100
bank4;2.3.2023;USD;0;TGCR O/N;100
bank5;2.3.2023;USD;0,130780684;OBFR O/N;200
bank6;2.3.2023;ISK;-1916171,834;REIBOR O/N;0
bank7;2.3.2023;EUR;11579,41002;ESTR O/N;0
bank8;2.3.2023;USD;140215641,1;SOFR O/N;-100
bank9;2.3.2023;USD;0;BGCR O/N;100
bank10;2.3.2023;USD;0,133983028;EFFR O/N;200
bank1;3.3.2023;USD;-2327114,031;SOFR O/N;0
bank2;3.3.2023;USD;11302,64918;BGCR O/N;0
bank3;3.3.2023;USD;130107975,5;EFFR O/N;-100
bank4;3.3.2023;USD;0;TGCR O/N;100
bank5;3.3.2023;USD;0,130780684;OBFR O/N;200
bank6;3.3.2023;ISK;-1916171,834;REIBOR O/N;0
bank7;3.3.2023;EUR;11463,61592;ESTR O/N;0
bank8;3.3.2023;USD;140215641,1;SOFR O/N;-100
bank9;3.3.2023;USD;0;BGCR O/N;100
bank10;3.3.2023;USD;0,132643198;EFFR O/N;200
bank1;4.3.2023;USD;-2303842,891;SOFR O/N;0
bank2;4.3.2023;USD;11189,62269;BGCR O/N;0
bank3;4.3.2023;USD;130107975,5;EFFR O/N;-100
bank4;4.3.2023;USD;0;TGCR O/N;100
bank5;4.3.2023;USD;0,130780684;OBFR O/N;200
bank6;4.3.2023;ISK;-1897010,115;REIBOR O/N;0
bank7;4.3.2023;EUR;11463,61592;ESTR O/N;0
bank8;4.3.2023;USD;142318875,7;SOFR O/N;-100
bank9;4.3.2023;USD;0;BGCR O/N;100
bank10;4.3.2023;USD;0,132643198;EFFR O/N;200
bank1;5.3.2023;USD;-2338400,534;SOFR O/N;0
bank2;5.3.2023;USD;11189,62269;BGCR O/N;0
bank3;5.3.2023;USD;132059595,1;EFFR O/N;-100
bank4;5.3.2023;USD;0;TGCR O/N;100
bank5;5.3.2023;USD;0,129472877;OBFR O/N;200
bank6;5.3.2023;ISK;-1897010,115;REIBOR O/N;0
bank7;5.3.2023;EUR;11635,57016;ESTR O/N;0
bank8;5.3.2023;USD;144453658,9;SOFR O/N;-100
bank9;5.3.2023;USD;0;BGCR O/N;100
bank10;5.3.2023;USD;0,134632846;EFFR O/N;200
bank1;6.3.2023;USD;-2315016,529;SOFR O/N;0
bank2;6.3.2023;USD;11357,46703;BGCR O/N;0
bank3;6.3.2023;USD;130738999,1;EFFR O/N;-100
bank4;6.3.2023;USD;0;TGCR O/N;100
bank5;6.3.2023;USD;0,129472877;OBFR O/N;200
bank6;6.3.2023;ISK;-1897010,115;REIBOR O/N;0
bank7;6.3.2023;EUR;11519,21446;ESTR O/N;0
bank8;6.3.2023;USD;144453658,9;SOFR O/N;-100
bank9;6.3.2023;USD;0;BGCR O/N;100
bank10;6.3.2023;USD;0,136652338;EFFR O/N;200
bank1;7.3.2023;USD;-2291866,364;SOFR O/N;0
bank2;7.3.2023;USD;11357,46703;BGCR O/N;0
bank3;7.3.2023;USD;130738999,1;EFFR O/N;-100
bank4;7.3.2023;USD;0;TGCR O/N;100
bank5;7.3.2023;USD;0,128178148;OBFR O/N;200
bank6;7.3.2023;ISK;-1897010,115;REIBOR O/N;0
bank7;7.3.2023;EUR;11692,00267;ESTR O/N;0
bank8;7.3.2023;USD;146620463,7;SOFR O/N;-100
bank9;7.3.2023;USD;0;BGCR O/N;100
bank10;7.3.2023;USD;0,138702124;EFFR O/N;200
bank1;8.3.2023;USD;-2291866,364;SOFR O/N;0
bank2;8.3.2023;USD;11357,46703;BGCR O/N;0
bank3;8.3.2023;USD;130738999,1;EFFR O/N;-100
bank4;8.3.2023;USD;0;TGCR O/N;100
bank5;8.3.2023;USD;0,130100821;OBFR O/N;200
bank6;8.3.2023;ISK;-1897010,115;REIBOR O/N;0
bank7;8.3.2023;EUR;11692,00267;ESTR O/N;0
bank8;8.3.2023;USD;146620463,7;SOFR O/N;-100
bank9;8.3.2023;USD;0;BGCR O/N;100
bank10;8.3.2023;USD;0,138702124;EFFR O/N;200
bank1;9.3.2023;USD;-2326244,359;SOFR O/N;0
bank2;9.3.2023;USD;11243,89236;BGCR O/N;0
bank3;9.3.2023;USD;130738999,1;EFFR O/N;-100
bank4;9.3.2023;USD;0;TGCR O/N;100
bank5;9.3.2023;USD;0,130100821;OBFR O/N;200
bank6;9.3.2023;ISK;-1897010,115;REIBOR O/N;0
bank7;9.3.2023;EUR;11575,08265;ESTR O/N;0
bank8;9.3.2023;USD;145154259,1;SOFR O/N;-100
bank9;9.3.2023;USD;0;BGCR O/N;100
bank10;9.3.2023;USD;0,138702124;EFFR O/N;200
bank1;10.3.2023;USD;-2361138,025;SOFR O/N;0
bank2;10.3.2023;USD;11131,45344;BGCR O/N;0
bank3;10.3.2023;USD;130738999,1;EFFR O/N;-100
bank4;10.3.2023;USD;0;TGCR O/N;100
bank5;10.3.2023;USD;0,132052333;OBFR O/N;200
bank6;10.3.2023;ISK;-1897010,115;REIBOR O/N;0
bank7;10.3.2023;EUR;11748,70888;ESTR O/N;0
bank8;10.3.2023;USD;143702716,5;SOFR O/N;-100
bank9;10.3.2023;USD;0;BGCR O/N;100
bank10;10.3.2023;USD;0,138702124;EFFR O/N;200
bank1;11.3.2023;USD;-2361138,025;SOFR O/N;0
bank2;11.3.2023;USD;11298,42524;BGCR O/N;0
bank3;11.3.2023;USD;129431609,1;EFFR O/N;-100
bank4;11.3.2023;USD;0;TGCR O/N;100
bank5;11.3.2023;USD;0,132052333;OBFR O/N;200
bank6;11.3.2023;ISK;-1897010,115;REIBOR O/N;0
bank7;11.3.2023;EUR;11924,93952;ESTR O/N;0
bank8;11.3.2023;USD;142265689,3;SOFR O/N;-100
bank9;11.3.2023;USD;0;BGCR O/N;100
bank10;11.3.2023;USD;0,140782655;EFFR O/N;200
bank1;12.3.2023;USD;-2396555,095;SOFR O/N;0
bank2;12.3.2023;USD;11298,42524;BGCR O/N;0
bank3;12.3.2023;USD;129431609,1;EFFR O/N;-100
bank4;12.3.2023;USD;0;TGCR O/N;100
bank5;12.3.2023;USD;0,132052333;OBFR O/N;200
bank6;12.3.2023;ISK;-1878040,014;REIBOR O/N;0
bank7;12.3.2023;EUR;12103,81361;ESTR O/N;0
bank8;12.3.2023;USD;142265689,3;SOFR O/N;-100
bank9;12.3.2023;USD;0;BGCR O/N;100
bank10;12.3.2023;USD;0,140782655;EFFR O/N;200
bank1;13.3.2023;USD;-2432503,421;SOFR O/N;0
bank2;13.3.2023;USD;11298,42524;BGCR O/N;0
bank3;13.3.2023;USD;128137293;EFFR O/N;-100
bank4;13.3.2023;USD;0;TGCR O/N;100
bank5;13.3.2023;USD;0,132052333;OBFR O/N;200
bank6;13.3.2023;ISK;-1878040,014;REIBOR O/N;0
bank7;13.3.2023;EUR;12285,37082;ESTR O/N;0
bank8;13.3.2023;USD;142265689,3;SOFR O/N;-100
bank9;13.3.2023;USD;0;BGCR O/N;100
bank10;13.3.2023;USD;0,140782655;EFFR O/N;200
bank1;14.3.2023;USD;-2468990,973;SOFR O/N;0
bank2;14.3.2023;USD;11185,44099;BGCR O/N;0
bank3;14.3.2023;USD;126855920,1;EFFR O/N;-100
bank4;14.3.2023;USD;0;TGCR O/N;100
bank5;14.3.2023;USD;0,13073181;OBFR O/N;200
bank6;14.3.2023;ISK;-1878040,014;REIBOR O/N;0
bank7;14.3.2023;EUR;12285,37082;ESTR O/N;0
bank8;14.3.2023;USD;142265689,3;SOFR O/N;-100
bank9;14.3.2023;USD;0;BGCR O/N;100
bank10;14.3.2023;USD;0,140782655;EFFR O/N;200
bank1;15.3.2023;USD;-2468990,973;SOFR O/N;0
bank2;15.3.2023;USD;11185,44099;BGCR O/N;0
bank3;15.3.2023;USD;128758758,9;EFFR O/N;-100
bank4;15.3.2023;USD;0;TGCR O/N;100
bank5;15.3.2023;USD;0,13073181;OBFR O/N;200
bank6;15.3.2023;ISK;-1878040,014;REIBOR O/N;0
bank7;15.3.2023;EUR;12285,37082;ESTR O/N;0
bank8;15.3.2023;USD;142265689,3;SOFR O/N;-100
bank9;15.3.2023;USD;0;BGCR O/N;100
bank10;15.3.2023;USD;0,140782655;EFFR O/N;200
bank1;16.3.2023;USD;-2468990,973;SOFR O/N;0
bank2;16.3.2023;USD;11353,2226;BGCR O/N;0
bank3;16.3.2023;USD;127471171,3;EFFR O/N;-100
bank4;16.3.2023;USD;0;TGCR O/N;100
bank5;16.3.2023;USD;0,13073181;OBFR O/N;200
bank6;16.3.2023;ISK;-1859259,614;REIBOR O/N;0
bank7;16.3.2023;EUR;12469,65138;ESTR O/N;0
bank8;16.3.2023;USD;142265689,3;SOFR O/N;-100
bank9;16.3.2023;USD;0;BGCR O/N;100
bank10;16.3.2023;USD;0,139374829;EFFR O/N;200
bank1;17.3.2023;USD;-2444301,063;SOFR O/N;0
bank2;17.3.2023;USD;11239,69038;BGCR O/N;0
bank3;17.3.2023;USD;126196459,6;EFFR O/N;-100
bank4;17.3.2023;USD;0;TGCR O/N;100
bank5;17.3.2023;USD;0,13073181;OBFR O/N;200
bank6;17.3.2023;ISK;-1859259,614;REIBOR O/N;0
bank7;17.3.2023;EUR;12469,65138;ESTR O/N;0
bank8;17.3.2023;USD;144399674,7;SOFR O/N;-100
bank9;17.3.2023;USD;0;BGCR O/N;100
bank10;17.3.2023;USD;0,141465451;EFFR O/N;200
bank1;18.3.2023;USD;-2419858,052;SOFR O/N;0
bank2;18.3.2023;USD;11239,69038;BGCR O/N;0
bank3;18.3.2023;USD;128089406,5;EFFR O/N;-100
bank4;18.3.2023;USD;0;TGCR O/N;100
bank5;18.3.2023;USD;0,129424492;OBFR O/N;200
bank6;18.3.2023;ISK;-1887148,508;REIBOR O/N;0
bank7;18.3.2023;EUR;12344,95486;ESTR O/N;0
bank8;18.3.2023;USD;144399674,7;SOFR O/N;-100
bank9;18.3.2023;USD;0;BGCR O/N;100
bank10;18.3.2023;USD;0,141465451;EFFR O/N;200
bank1;19.3.2023;USD;-2456155,923;SOFR O/N;0
bank2;19.3.2023;USD;11239,69038;BGCR O/N;0
bank3;19.3.2023;USD;126808512,4;EFFR O/N;-100
bank4;19.3.2023;USD;0;TGCR O/N;100
bank5;19.3.2023;USD;0,128130247;OBFR O/N;200
bank6;19.3.2023;ISK;-1915455,736;REIBOR O/N;0
bank7;19.3.2023;EUR;12221,50531;ESTR O/N;0
bank8;19.3.2023;USD;142955677,9;SOFR O/N;-100
bank9;19.3.2023;USD;0;BGCR O/N;100
bank10;19.3.2023;USD;0,141465451;EFFR O/N;200
bank1;20.3.2023;USD;-2456155,923;SOFR O/N;0
bank2;20.3.2023;USD;11239,69038;BGCR O/N;0
bank3;20.3.2023;USD;126808512,4;EFFR O/N;-100
bank4;20.3.2023;USD;0;TGCR O/N;100
bank5;20.3.2023;USD;0,1300522;OBFR O/N;200
bank6;20.3.2023;ISK;-1896301,179;REIBOR O/N;0
bank7;20.3.2023;EUR;12221,50531;ESTR O/N;0
bank8;20.3.2023;USD;145100013,1;SOFR O/N;-100
bank9;20.3.2023;USD;0;BGCR O/N;100
bank10;20.3.2023;USD;0,141465451;EFFR O/N;200
bank1;21.3.2023;USD;-2431594,364;SOFR O/N;0
bank2;21.3.2023;USD;11127,29347;BGCR O/N;0
bank3;21.3.2023;USD;128710640,1;EFFR O/N;-100
bank4;21.3.2023;USD;0;TGCR O/N;100
bank5;21.3.2023;USD;0,128751678;OBFR O/N;200
bank6;21.3.2023;ISK;-1877338,167;REIBOR O/N;0
bank7;21.3.2023;EUR;12221,50531;ESTR O/N;0
bank8;21.3.2023;USD;145100013,1;SOFR O/N;-100
bank9;21.3.2023;USD;0;BGCR O/N;100
bank10;21.3.2023;USD;0,140050797;EFFR O/N;200
bank1;22.3.2023;USD;-2431594,364;SOFR O/N;0
bank2;22.3.2023;USD;11294,20287;BGCR O/N;0
bank3;22.3.2023;USD;128710640,1;EFFR O/N;-100
bank4;22.3.2023;USD;0;TGCR O/N;100
bank5;22.3.2023;USD;0,128751678;OBFR O/N;200
bank6;22.3.2023;ISK;-1905498,239;REIBOR O/N;0
bank7;22.3.2023;EUR;12099,29026;ESTR O/N;0
bank8;22.3.2023;USD;145100013,1;SOFR O/N;-100
bank9;22.3.2023;USD;0;BGCR O/N;100
bank10;22.3.2023;USD;0,140050797;EFFR O/N;200
bank1;23.3.2023;USD;-2431594,364;SOFR O/N;0
bank2;23.3.2023;USD;11294,20287;BGCR O/N;0
bank3;23.3.2023;USD;127423533,7;EFFR O/N;-100
bank4;23.3.2023;USD;0;TGCR O/N;100
bank5;23.3.2023;USD;0,128751678;OBFR O/N;200
bank6;23.3.2023;ISK;-1886443,257;REIBOR O/N;0
bank7;23.3.2023;EUR;12099,29026;ESTR O/N;0
bank8;23.3.2023;USD;147276513,3;SOFR O/N;-100
bank9;23.3.2023;USD;0;BGCR O/N;100
bank10;23.3.2023;USD;0,140050797;EFFR O/N;200
bank1;24.3.2023;USD;-2431594,364;SOFR O/N;0
bank2;24.3.2023;USD;11294,20287;BGCR O/N;0
bank3;24.3.2023;USD;129334886,7;EFFR O/N;-100
bank4;24.3.2023;USD;0;TGCR O/N;100
bank5;24.3.2023;USD;0,127464162;OBFR O/N;200
bank6;24.3.2023;ISK;-1886443,257;REIBOR O/N;0
bank7;24.3.2023;EUR;12099,29026;ESTR O/N;0
bank8;24.3.2023;USD;147276513,3;SOFR O/N;-100
bank9;24.3.2023;USD;0;BGCR O/N;100
bank10;24.3.2023;USD;0,140050797;EFFR O/N;200
bank1;25.3.2023;USD;-2431594,364;SOFR O/N;0
bank2;25.3.2023;USD;11294,20287;BGCR O/N;0
bank3;25.3.2023;USD;128041537,9;EFFR O/N;-100
bank4;25.3.2023;USD;0;TGCR O/N;100
bank5;25.3.2023;USD;0,127464162;OBFR O/N;200
bank6;25.3.2023;ISK;-1886443,257;REIBOR O/N;0
bank7;25.3.2023;EUR;11978,29736;ESTR O/N;0
bank8;25.3.2023;USD;147276513,3;SOFR O/N;-100
bank9;25.3.2023;USD;0;BGCR O/N;100
bank10;25.3.2023;USD;0,142151559;EFFR O/N;200
bank1;26.3.2023;USD;-2431594,364;SOFR O/N;0
bank2;26.3.2023;USD;11294,20287;BGCR O/N;0
bank3;26.3.2023;USD;126761122,5;EFFR O/N;-100
bank4;26.3.2023;USD;0;TGCR O/N;100
bank5;26.3.2023;USD;0,12618952;OBFR O/N;200
bank6;26.3.2023;ISK;-1867578,824;REIBOR O/N;0
bank7;26.3.2023;EUR;11858,51439;ESTR O/N;0
bank8;26.3.2023;USD;149485661;SOFR O/N;-100
bank9;26.3.2023;USD;0;BGCR O/N;100
bank10;26.3.2023;USD;0,142151559;EFFR O/N;200
bank1;27.3.2023;USD;-2431594,364;SOFR O/N;0
bank2;27.3.2023;USD;11181,26085;BGCR O/N;0
bank3;27.3.2023;USD;126761122,5;EFFR O/N;-100
bank4;27.3.2023;USD;0;TGCR O/N;100
bank5;27.3.2023;USD;0,12618952;OBFR O/N;200
bank6;27.3.2023;ISK;-1867578,824;REIBOR O/N;0
bank7;27.3.2023;EUR;11858,51439;ESTR O/N;0
bank8;27.3.2023;USD;149485661;SOFR O/N;-100
bank9;27.3.2023;USD;0;BGCR O/N;100
bank10;27.3.2023;USD;0,142151559;EFFR O/N;200
bank1;28.3.2023;USD;-2407278,42;SOFR O/N;0
bank2;28.3.2023;USD;11181,26085;BGCR O/N;0
bank3;28.3.2023;USD;128662539,3;EFFR O/N;-100
bank4;28.3.2023;USD;0;TGCR O/N;100
bank5;28.3.2023;USD;0,12618952;OBFR O/N;200
bank6;28.3.2023;ISK;-1895592,507;REIBOR O/N;0
bank7;28.3.2023;EUR;11739,92924;ESTR O/N;0
bank8;28.3.2023;USD;151727945,9;SOFR O/N;-100
bank9;28.3.2023;USD;0;BGCR O/N;100
bank10;28.3.2023;USD;0,142151559;EFFR O/N;200
bank1;29.3.2023;USD;-2407278,42;SOFR O/N;0
bank2;29.3.2023;USD;11069,44824;BGCR O/N;0
bank3;29.3.2023;USD;128662539,3;EFFR O/N;-100
bank4;29.3.2023;USD;0;TGCR O/N;100
bank5;29.3.2023;USD;0,128082363;OBFR O/N;200
bank6;29.3.2023;ISK;-1876636,582;REIBOR O/N;0
bank7;29.3.2023;EUR;11622,52995;ESTR O/N;0
bank8;29.3.2023;USD;150210666,5;SOFR O/N;-100
bank9;29.3.2023;USD;0;BGCR O/N;100
bank10;29.3.2023;USD;0,140730043;EFFR O/N;200
bank1;30.3.2023;USD;-2407278,42;SOFR O/N;0
bank2;30.3.2023;USD;11235,48996;BGCR O/N;0
bank3;30.3.2023;USD;128662539,3;EFFR O/N;-100
bank4;30.3.2023;USD;0;TGCR O/N;100
bank5;30.3.2023;USD;0,130003598;OBFR O/N;200
bank6;30.3.2023;ISK;-1904786,13;REIBOR O/N;0
bank7;30.3.2023;EUR;11622,52995;ESTR O/N;0
bank8;30.3.2023;USD;152463826,5;SOFR O/N;-100
bank9;30.3.2023;USD;0;BGCR O/N;100
bank10;30.3.2023;USD;0,140730043;EFFR O/N;200
bank1;31.3.2023;USD;-2407278,42;SOFR O/N;0
bank2;31.3.2023;USD;11235,48996;BGCR O/N;0
bank3;31.3.2023;USD;127375913,9;EFFR O/N;-100
bank4;31.3.2023;USD;0;TGCR O/N;100
bank5;31.3.2023;USD;0,131953652;OBFR O/N;200
bank6;31.3.2023;ISK;-1885738,269;REIBOR O/N;0
bank7;31.3.2023;EUR;11506,30465;ESTR O/N;0
bank8;31.3.2023;USD;150939188,2;SOFR O/N;-100
bank9;31.3.2023;USD;0;BGCR O/N;100
bank10;31.3.2023;USD;0,139322743;EFFR O/N;200
bank1;1.4.2023;USD;-2443387,597;SOFR O/N;0
bank2;1.4.2023;USD;11235,48996;BGCR O/N;0
bank3;1.4.2023;USD;129286552,6;EFFR O/N;-100
bank4;1.4.2023;USD;0;TGCR O/N;100
bank5;1.4.2023;USD;0,130634116;OBFR O/N;200
bank6;1.4.2023;ISK;-1885738,269;REIBOR O/N;0
bank7;1.4.2023;EUR;11678,89922;ESTR O/N;0
bank8;1.4.2023;USD;153203276;SOFR O/N;-100
bank9;1.4.2023;USD;0;BGCR O/N;100
bank10;1.4.2023;USD;0,137929515;EFFR O/N;200
bank1;2.4.2023;USD;-2480038,411;SOFR O/N;0
bank2;2.4.2023;USD;11123,13506;BGCR O/N;0
bank3;2.4.2023;USD;129286552,6;EFFR O/N;-100
bank4;2.4.2023;USD;0;TGCR O/N;100
bank5;2.4.2023;USD;0,130634116;OBFR O/N;200
bank6;2.4.2023;ISK;-1885738,269;REIBOR O/N;0
bank7;2.4.2023;EUR;11678,89922;ESTR O/N;0
bank8;2.4.2023;USD;151671243,3;SOFR O/N;-100
bank9;2.4.2023;USD;0;BGCR O/N;100
bank10;2.4.2023;USD;0,139998458;EFFR O/N;200
bank1;3.4.2023;USD;-2480038,411;SOFR O/N;0
bank2;3.4.2023;USD;11011,90371;BGCR O/N;0
bank3;3.4.2023;USD;129286552,6;EFFR O/N;-100
bank4;3.4.2023;USD;0;TGCR O/N;100
bank5;3.4.2023;USD;0,130634116;OBFR O/N;200
bank6;3.4.2023;ISK;-1885738,269;REIBOR O/N;0
bank7;3.4.2023;EUR;11562,11023;ESTR O/N;0
bank8;3.4.2023;USD;150154530,8;SOFR O/N;-100
bank9;3.4.2023;USD;0;BGCR O/N;100
bank10;3.4.2023;USD;0,138598473;EFFR O/N;200
bank1;4.4.2023;USD;-2480038,411;SOFR O/N;0
bank2;4.4.2023;USD;11177,08227;BGCR O/N;0
bank3;4.4.2023;USD;127993687,1;EFFR O/N;-100
bank4;4.4.2023;USD;0;TGCR O/N;100
bank5;4.4.2023;USD;0,129327774;OBFR O/N;200
bank6;4.4.2023;ISK;-1914024,343;REIBOR O/N;0
bank7;4.4.2023;EUR;11562,11023;ESTR O/N;0
bank8;4.4.2023;USD;148652985,5;SOFR O/N;-100
bank9;4.4.2023;USD;0;BGCR O/N;100
bank10;4.4.2023;USD;0,137212489;EFFR O/N;200
bank1;5.4.2023;USD;-2480038,411;SOFR O/N;0
bank2;5.4.2023;USD;11344,7385;BGCR O/N;0
bank3;5.4.2023;USD;127993687,1;EFFR O/N;-100
bank4;5.4.2023;USD;0;TGCR O/N;100
bank5;5.4.2023;USD;0,131267691;OBFR O/N;200
bank6;5.4.2023;ISK;-1914024,343;REIBOR O/N;0
bank7;5.4.2023;EUR;11562,11023;ESTR O/N;0
bank8;5.4.2023;USD;148652985,5;SOFR O/N;-100
bank9;5.4.2023;USD;0;BGCR O/N;100
bank10;5.4.2023;USD;0,139270676;EFFR O/N;200
bank1;6.4.2023;USD;-2480038,411;SOFR O/N;0
bank2;6.4.2023;USD;11344,7385;BGCR O/N;0
bank3;6.4.2023;USD;129913592,4;EFFR O/N;-100
bank4;6.4.2023;USD;0;TGCR O/N;100
bank5;6.4.2023;USD;0,133236706;OBFR O/N;200
bank6;6.4.2023;ISK;-1942734,708;REIBOR O/N;0
bank7;6.4.2023;EUR;11562,11023;ESTR O/N;0
bank8;6.4.2023;USD;148652985,5;SOFR O/N;-100
bank9;6.4.2023;USD;0;BGCR O/N;100
bank10;6.4.2023;USD;0,139270676;EFFR O/N;200
bank1;7.4.2023;USD;-2480038,411;SOFR O/N;0
bank2;7.4.2023;USD;11344,7385;BGCR O/N;0
bank3;7.4.2023;USD;129913592,4;EFFR O/N;-100
bank4;7.4.2023;USD;0;TGCR O/N;100
bank5;7.4.2023;USD;0,133236706;OBFR O/N;200
bank6;7.4.2023;ISK;-1923307,361;REIBOR O/N;0
bank7;7.4.2023;EUR;11562,11023;ESTR O/N;0
bank8;7.4.2023;USD;148652985,5;SOFR O/N;-100
bank9;7.4.2023;USD;0;BGCR O/N;100
bank10;7.4.2023;USD;0,141359736;EFFR O/N;200
bank1;8.4.2023;USD;-2480038,411;SOFR O/N;0
bank2;8.4.2023;USD;11344,7385;BGCR O/N;0
bank3;8.4.2023;USD;128614456,5;EFFR O/N;-100
bank4;8.4.2023;USD;0;TGCR O/N;100
bank5;8.4.2023;USD;0,133236706;OBFR O/N;200
bank6;8.4.2023;ISK;-1904074,288;REIBOR O/N;0
bank7;8.4.2023;EUR;11562,11023;ESTR O/N;0
bank8;8.4.2023;USD;148652985,5;SOFR O/N;-100
bank9;8.4.2023;USD;0;BGCR O/N;100
bank10;8.4.2023;USD;0,143480132;EFFR O/N;200
bank1;9.4.2023;USD;-2480038,411;SOFR O/N;0
bank2;9.4.2023;USD;11344,7385;BGCR O/N;0
bank3;9.4.2023;USD;127328311,9;EFFR O/N;-100
bank4;9.4.2023;USD;0;TGCR O/N;100
bank5;9.4.2023;USD;0,133236706;OBFR O/N;200
bank6;9.4.2023;ISK;-1904074,288;REIBOR O/N;0
bank7;9.4.2023;EUR;11562,11023;ESTR O/N;0
bank8;9.4.2023;USD;148652985,5;SOFR O/N;-100
bank9;9.4.2023;USD;0;BGCR O/N;100
bank10;9.4.2023;USD;0,143480132;EFFR O/N;200
bank1;10.4.2023;USD;-2480038,411;SOFR O/N;0
bank2;10.4.2023;USD;11344,7385;BGCR O/N;0
bank3;10.4.2023;USD;127328311,9;EFFR O/N;-100
bank4;10.4.2023;USD;0;TGCR O/N;100
bank5;10.4.2023;USD;0,133236706;OBFR O/N;200
bank6;10.4.2023;ISK;-1932635,402;REIBOR O/N;0
bank7;10.4.2023;EUR;11735,54188;ESTR O/N;0
bank8;10.4.2023;USD;148652985,5;SOFR O/N;-100
bank9;10.4.2023;USD;0;BGCR O/N;100
bank10;10.4.2023;USD;0,142045331;EFFR O/N;200
bank1;11.4.2023;USD;-2480038,411;SOFR O/N;0
bank2;11.4.2023;USD;11231,29112;BGCR O/N;0
bank3;11.4.2023;USD;127328311,9;EFFR O/N;-100
bank4;11.4.2023;USD;0;TGCR O/N;100
bank5;11.4.2023;USD;0,131904339;OBFR O/N;200
bank6;11.4.2023;ISK;-1932635,402;REIBOR O/N;0
bank7;11.4.2023;EUR;11911,57501;ESTR O/N;0
bank8;11.4.2023;USD;150882780,3;SOFR O/N;-100
bank9;11.4.2023;USD;0;BGCR O/N;100
bank10;11.4.2023;USD;0,140624878;EFFR O/N;200
bank1;12.4.2023;USD;-2480038,411;SOFR O/N;0
bank2;12.4.2023;USD;11399,76048;BGCR O/N;0
bank3;12.4.2023;USD;127328311,9;EFFR O/N;-100
bank4;12.4.2023;USD;0;TGCR O/N;100
bank5;12.4.2023;USD;0,133882905;OBFR O/N;200
bank6;12.4.2023;ISK;-1913309,048;REIBOR O/N;0
bank7;12.4.2023;EUR;11911,57501;ESTR O/N;0
bank8;12.4.2023;USD;153146022;SOFR O/N;-100
bank9;12.4.2023;USD;0;BGCR O/N;100
bank10;12.4.2023;USD;0,140624878;EFFR O/N;200
bank1;13.4.2023;USD;-2455238,026;SOFR O/N;0
bank2;13.4.2023;USD;11399,76048;BGCR O/N;0
bank3;13.4.2023;USD;129238236,6;EFFR O/N;-100
bank4;13.4.2023;USD;0;TGCR O/N;100
bank5;13.4.2023;USD;0,133882905;OBFR O/N;200
bank6;13.4.2023;ISK;-1913309,048;REIBOR O/N;0
bank7;13.4.2023;EUR;12090,24863;ESTR O/N;0
bank8;13.4.2023;USD;153146022;SOFR O/N;-100
bank9;13.4.2023;USD;0;BGCR O/N;100
bank10;13.4.2023;USD;0,140624878;EFFR O/N;200
bank1;14.4.2023;USD;-2455238,026;SOFR O/N;0
bank2;14.4.2023;USD;11570,75689;BGCR O/N;0
bank3;14.4.2023;USD;131176810,2;EFFR O/N;-100
bank4;14.4.2023;USD;0;TGCR O/N;100
bank5;14.4.2023;USD;0,135891148;OBFR O/N;200
bank6;14.4.2023;ISK;-1942008,684;REIBOR O/N;0
bank7;14.4.2023;EUR;12090,24863;ESTR O/N;0
bank8;14.4.2023;USD;155443212,3;SOFR O/N;-100
bank9;14.4.2023;USD;0;BGCR O/N;100
bank10;14.4.2023;USD;0,139218629;EFFR O/N;200
bank1;15.4.2023;USD;-2492066,597;SOFR O/N;0
bank2;15.4.2023;USD;11570,75689;BGCR O/N;0
bank3;15.4.2023;USD;133144462,3;EFFR O/N;-100
bank4;15.4.2023;USD;0;TGCR O/N;100
bank5;15.4.2023;USD;0,134532237;OBFR O/N;200
bank6;15.4.2023;ISK;-1942008,684;REIBOR O/N;0
bank7;15.4.2023;EUR;12271,60236;ESTR O/N;0
bank8;15.4.2023;USD;155443212,3;SOFR O/N;-100
bank9;15.4.2023;USD;0;BGCR O/N;100
bank10;15.4.2023;USD;0,137826443;EFFR O/N;200
bank1;16.4.2023;USD;-2529447,596;SOFR O/N;0
bank2;16.4.2023;USD;11570,75689;BGCR O/N;0
bank3;16.4.2023;USD;133144462,3;EFFR O/N;-100
bank4;16.4.2023;USD;0;TGCR O/N;100
bank5;16.4.2023;USD;0,134532237;OBFR O/N;200
bank6;16.4.2023;ISK;-1942008,684;REIBOR O/N;0
bank7;16.4.2023;EUR;12271,60236;ESTR O/N;0
bank8;16.4.2023;USD;157774860,5;SOFR O/N;-100
bank9;16.4.2023;USD;0;BGCR O/N;100
bank10;16.4.2023;USD;0,139893839;EFFR O/N;200
bank1;17.4.2023;USD;-2504153,12;SOFR O/N;0
bank2;17.4.2023;USD;11570,75689;BGCR O/N;0
bank3;17.4.2023;USD;131813017,7;EFFR O/N;-100
bank4;17.4.2023;USD;0;TGCR O/N;100
bank5;17.4.2023;USD;0,133186914;OBFR O/N;200
bank6;17.4.2023;ISK;-1942008,684;REIBOR O/N;0
bank7;17.4.2023;EUR;12271,60236;ESTR O/N;0
bank8;17.4.2023;USD;157774860,5;SOFR O/N;-100
bank9;17.4.2023;USD;0;BGCR O/N;100
bank10;17.4.2023;USD;0,139893839;EFFR O/N;200
bank1;18.4.2023;USD;-2504153,12;SOFR O/N;0
bank2;18.4.2023;USD;11744,31824;BGCR O/N;0
bank3;18.4.2023;USD;130494887,5;EFFR O/N;-100
bank4;18.4.2023;USD;0;TGCR O/N;100
bank5;18.4.2023;USD;0,133186914;OBFR O/N;200
bank6;18.4.2023;ISK;-1922588,597;REIBOR O/N;0
bank7;18.4.2023;EUR;12271,60236;ESTR O/N;0
bank8;18.4.2023;USD;157774860,5;SOFR O/N;-100
bank9;18.4.2023;USD;0;BGCR O/N;100
bank10;18.4.2023;USD;0,138494901;EFFR O/N;200
bank1;19.4.2023;USD;-2541715,417;SOFR O/N;0
bank2;19.4.2023;USD;11744,31824;BGCR O/N;0
bank3;19.4.2023;USD;130494887,5;EFFR O/N;-100
bank4;19.4.2023;USD;0;TGCR O/N;100
bank5;19.4.2023;USD;0,135184718;OBFR O/N;200
bank6;19.4.2023;ISK;-1951427,426;REIBOR O/N;0
bank7;19.4.2023;EUR;12271,60236;ESTR O/N;0
bank8;19.4.2023;USD;157774860,5;SOFR O/N;-100
bank9;19.4.2023;USD;0;BGCR O/N;100
bank10;19.4.2023;USD;0,140572324;EFFR O/N;200
bank1;20.4.2023;USD;-2541715,417;SOFR O/N;0
bank2;20.4.2023;USD;11626,87506;BGCR O/N;0
bank3;20.4.2023;USD;132452310,8;EFFR O/N;-100
bank4;20.4.2023;USD;0;TGCR O/N;100
bank5;20.4.2023;USD;0,137212489;OBFR O/N;200
bank6;20.4.2023;ISK;-1951427,426;REIBOR O/N;0
bank7;20.4.2023;EUR;12271,60236;ESTR O/N;0
bank8;20.4.2023;USD;156197111,9;SOFR O/N;-100
bank9;20.4.2023;USD;0;BGCR O/N;100
bank10;20.4.2023;USD;0,139166601;EFFR O/N;200
bank1;21.4.2023;USD;-2516298,262;SOFR O/N;0
bank2;21.4.2023;USD;11626,87506;BGCR O/N;0
bank3;21.4.2023;USD;132452310,8;EFFR O/N;-100
bank4;21.4.2023;USD;0;TGCR O/N;100
bank5;21.4.2023;USD;0,139270676;OBFR O/N;200
bank6;21.4.2023;ISK;-1951427,426;REIBOR O/N;0
bank7;21.4.2023;EUR;12148,88634;ESTR O/N;0
bank8;21.4.2023;USD;156197111,9;SOFR O/N;-100
bank9;21.4.2023;USD;0;BGCR O/N;100
bank10;21.4.2023;USD;0,139166601;EFFR O/N;200
bank1;22.4.2023;USD;-2554042,736;SOFR O/N;0
bank2;22.4.2023;USD;11510,60631;BGCR O/N;0
bank3;22.4.2023;USD;131127787,7;EFFR O/N;-100
bank4;22.4.2023;USD;0;TGCR O/N;100
bank5;22.4.2023;USD;0,141359736;OBFR O/N;200
bank6;22.4.2023;ISK;-1951427,426;REIBOR O/N;0
bank7;22.4.2023;EUR;12027,39748;ESTR O/N;0
bank8;22.4.2023;USD;156197111,9;SOFR O/N;-100
bank9;22.4.2023;USD;0;BGCR O/N;100
bank10;22.4.2023;USD;0,137774935;EFFR O/N;200
bank1;23.4.2023;USD;-2528502,309;SOFR O/N;0
bank2;23.4.2023;USD;11683,2654;BGCR O/N;0
bank3;23.4.2023;USD;133094704,5;EFFR O/N;-100
bank4;23.4.2023;USD;0;TGCR O/N;100
bank5;23.4.2023;USD;0,141359736;OBFR O/N;200
bank6;23.4.2023;ISK;-1980698,837;REIBOR O/N;0
bank7;23.4.2023;EUR;12207,80844;ESTR O/N;0
bank8;23.4.2023;USD;156197111,9;SOFR O/N;-100
bank9;23.4.2023;USD;0;BGCR O/N;100
bank10;23.4.2023;USD;0,136397186;EFFR O/N;200
bank1;24.4.2023;USD;-2528502,309;SOFR O/N;0
bank2;24.4.2023;USD;11683,2654;BGCR O/N;0
bank3;24.4.2023;USD;133094704,5;EFFR O/N;-100
bank4;24.4.2023;USD;0;TGCR O/N;100
bank5;24.4.2023;USD;0,143480132;OBFR O/N;200
bank6;24.4.2023;ISK;-2010409,32;REIBOR O/N;0
bank7;24.4.2023;EUR;12390,92557;ESTR O/N;0
bank8;24.4.2023;USD;156197111,9;SOFR O/N;-100
bank9;24.4.2023;USD;0;BGCR O/N;100
bank10;24.4.2023;USD;0,136397186;EFFR O/N;200
bank1;25.4.2023;USD;-2503217,286;SOFR O/N;0
bank2;25.4.2023;USD;11566,43275;BGCR O/N;0
bank3;25.4.2023;USD;135091125,1;EFFR O/N;-100
bank4;25.4.2023;USD;0;TGCR O/N;100
bank5;25.4.2023;USD;0,143480132;OBFR O/N;200
bank6;25.4.2023;ISK;-1990305,226;REIBOR O/N;0
bank7;25.4.2023;EUR;12267,01631;ESTR O/N;0
bank8;25.4.2023;USD;156197111,9;SOFR O/N;-100
bank9;25.4.2023;USD;0;BGCR O/N;100
bank10;25.4.2023;USD;0,135033214;EFFR O/N;200
